<?xml version="1.0" encoding="utf-8" ?>
<Options xmlns="http://tempuri.org/XMLSchemaOptions.xsd">
	<ProxyServer>
		<!-- IP address of this proxy.  Use localhost or 127.0.0.1 -->
		<IP>127.0.0.1</IP>

		<!-- 	Proxy port of listen by this proxy.  Config browser to
			point to this -->
			
		<Port>8080</Port>

		<!-- internal SSL proxy port used by this proxy -->
		<SSL>8443</SSL>
	</ProxyServer>
	<ProxyChain>
		<!-- Use blank "Name" if no proxy chain to use -->
		<Name></Name>
		<Port>8080</Port>
		<Skip></Skip>
	</ProxyChain>
	<Scanner>
		<Thread>5</Thread>
	</Scanner>
</Options>
